"","Gene","Pathway","Function"
"1","ID1","Thyroid","PsychencodeTF&DEG"
"2","OLIG1","Thyroid","PsychencodeTF"
"3","CENPB","Thyroid","PsychencodeTF"
"4","E2F3","Thyroid","PsychencodeTF"
"5","AR","Thyroid","PsychencodeTF"
"6","GRHL1","Thyroid","PsychencodeTF"
"7","ZNF219","Thyroid","PsychencodeTF"
"8","PPARA","Thyroid","PsychencodeTF"
"9","NR1D2","Thyroid","PsychencodeTF"
"10","SREBF2","Thyroid","PsychencodeTF"
"11","ARNTL","Thyroid","PsychencodeTF"
"12","SOX4","Thyroid","PsychencodeTF"
"13","E2F1","Thyroid","PsychencodeTF"
"14","KLF16","Thyroid","PsychencodeTF"
"15","KLF9","Thyroid","PsychencodeTF"
"16","ARID5B","Thyroid","PsychencodeTF"
"17","CREB3","Thyroid","PsychencodeTF"
"18","TFDP1","Thyroid","PsychencodeTF"
"19","FOXM1","Thyroid","PsychencodeTF"
"20","NR6A1","Thyroid","PsychencodeTF&DEG"
"21","SNAI2","Thyroid","PsychencodeTF&DEG"
"22","HEY1","Thyroid","PsychencodeTF"
"23","MEF2C","Thyroid","PsychencodeTF"
"24","ONECUT2","Thyroid","PsychencodeTF&DEG"
"25","E2F8","Thyroid","PsychencodeTF"
"26","JUND","Thyroid","PsychencodeTF"
"27","SNAI1","Thyroid","PsychencodeTF&DEG"
"28","ESRRA","Thyroid","PsychencodeTF"
"29","CEBPB","Thyroid","PsychencodeTF&DEG"
"30","SP5","Thyroid","PsychencodeTF&DEG"
"31","BCL6","Thyroid","PsychencodeTF"
"32","STAT2","Thyroid","PsychencodeTF"
"33","NR2C1","Thyroid","PsychencodeTF"
"34","STAT5B","Thyroid","PsychencodeTF"
"35","SOX9","Thyroid","PsychencodeTF"
"36","RELA","Thyroid","PsychencodeTF"
"37","ZFHX3","Thyroid","PsychencodeTF"
"38","NR3C2","Thyroid","PsychencodeTF"
"39","NFE2L1","Thyroid","PsychencodeTF"
"40","ATF5","Thyroid","PsychencodeTF"
"41","MLX","Thyroid","PsychencodeTF"
"42","NFE2L2","Thyroid","PsychencodeTF"
"43","MAFG","Thyroid","PsychencodeTF"
"44","NR5A2","Thyroid","PsychencodeTF&DEG"
"45","PRDM16","Thyroid","PsychencodeTF"
"46","ARNT2","Thyroid","PsychencodeTF"
"47","FOXP1","Thyroid","PsychencodeTF"
"48","GLIS3","Thyroid","PsychencodeTF"
"49","OTX2","Thyroid","PsychencodeTF&DEG"
"50","ABCG1","Thyroid","DEG"
"51","SERPINB9","Thyroid","DEG"
"52","TTYH3","Thyroid","DEG"
"53","SAT1","Thyroid","DEG"
"54","POSTN","Thyroid","DEG"
"55","METRN","Thyroid","DEG"
"56","PDIA2","Thyroid","DEG"
"57","TWIST1","Thyroid","DEG"
"58","CENPA","Thyroid","DEG"
"59","OLFML1","Thyroid","DEG"
"60","THBS1","Thyroid","DEG"
"61","TYMS","Thyroid","DEG"
"62","CYP2D7","Thyroid","DEG"
"63","C4orf48","Thyroid","DEG"
"64","EMILIN1","Thyroid","DEG"
"65","SPON2","Thyroid","DEG"
"66","NRP1","Thyroid","DEG"
"67","TMEM186","Thyroid","DEG"
"68","SGK2","Thyroid","DEG"
"69","PABPC1L","Thyroid","DEG"
"70","S1PR3","Thyroid","DEG"
"71","RAD52","Thyroid","DEG"
"72","GPNMB","Thyroid","DEG"
"73","ROPN1L","Thyroid","DEG"
"74","LPL","Thyroid","DEG"
"75","FAM167A","Thyroid","DEG"
"76","CD38","Thyroid","DEG"
"77","SERPINF1","Thyroid","DEG"
"78","RBPMS","Thyroid","DEG"
"79","GREM1","Thyroid","DEG"
"80","COL18A1","Thyroid","DEG"
"81","PPARGC1A","Thyroid","DEG"
"82","NFAM1","Thyroid","DEG"
"83","TACC3","Thyroid","DEG"
"84","SOD3","Thyroid","DEG"
"85","RARB","Thyroid","DEG"
"86","PKMYT1","Thyroid","DEG"
"87","ANGPTL4","Thyroid","DEG"
"88","LGALS1","Thyroid","DEG"
"89","TNFRSF25","Thyroid","DEG"
"90","BMPER","Thyroid","DEG"
"91","GPR82","Thyroid","DEG"
"92","FBLN1","Thyroid","DEG"
"93","C1QTNF7","Thyroid","DEG"
"94","OGN","Thyroid","DEG"
"95","CXCL12","Thyroid","DEG"
"96","NDUFS7","Thyroid","DEG"
"97","WFDC2","Thyroid","DEG"
"98","TXN2","Thyroid","DEG"
"99","PLIN4","Thyroid","DEG"
"100","COL5A3","Thyroid","DEG"
"101","RAB20","Thyroid","DEG"
"102","GOLGA8A","Thyroid","DEG"
"103","GOLGA8B","Thyroid","DEG"
"104","PLCE1","Thyroid","DEG"
"105","COL14A1","Thyroid","DEG"
"106","DHRS3","Thyroid","DEG"
"107","KRBOX1","Thyroid","DEG"
"108","MTTP","Thyroid","DEG"
"109","HSPB1","Thyroid","DEG"
"110","ARMCX4","Thyroid","DEG"
"111","CYP3A5","Thyroid","DEG"
"112","KRT8","Thyroid","DEG"
"113","KRT18","Thyroid","DEG"
"114","COL16A1","Thyroid","DEG"
"115","TGM1","Thyroid","DEG"
"116","GAR1","Thyroid","DEG"
"117","COL1A2","Thyroid","DEG"
"118","KLB","Thyroid","DEG"
"119","MGP","Thyroid","DEG"
"120","NPNT","Thyroid","DEG"
"121","CAPG","Thyroid","DEG"
"122","MUSTN1","Thyroid","DEG"
"123","ALS2CL","Thyroid","DEG"
"124","WSB1","Thyroid","DEG"
"125","CCDC86","Thyroid","DEG"
"126","ICAM1","Thyroid","DEG"
"127","COX7B","Thyroid","DEG"
"128","MAP1S","Thyroid","DEG"
"129","C4orf19","Thyroid","DEG"
"130","CSAD","Thyroid","DEG"
"131","IMMP1L","Thyroid","DEG"
"132","PI15","Thyroid","DEG"
"133","KDM6B","Thyroid","DEG"
"134","NUDT13","Thyroid","DEG"
"135","IFIT2","Thyroid","DEG"
"136","FST","Thyroid","DEG"
"137","USP6","Thyroid","DEG"
"138","RPS15A","Thyroid","DEG"
"139","LOX","Thyroid","DEG"
"140","ENG","Thyroid","DEG"
"141","XDH","Thyroid","DEG"
"142","CBLN2","Thyroid","DEG"
"143","ID3","Thyroid","DEG"
"144","DPF3","Thyroid","DEG"
"145","FAM183A","Thyroid","DEG"
"146","SEMA3A","Thyroid","DEG"
"147","APOBEC2","Thyroid","DEG"
"148","HGF","Thyroid","DEG"
"149","TPRKB","Thyroid","DEG"
"150","ABCB1","Thyroid","DEG"
"151","COL12A1","Thyroid","DEG"
"152","ITGA1","Thyroid","DEG"
"153","EFNA5","Thyroid","DEG"
"154","RERG","Thyroid","DEG"
"155","KCNMA1","Thyroid","DEG"
"156","BGN","Thyroid","DEG"
"157","LGALS3","Thyroid","DEG"
"158","CA13","Thyroid","DEG"
"159","CCDC124","Thyroid","DEG"
"160","RPLP1","Thyroid","DEG"
"161","FBLN5","Thyroid","DEG"
"162","LSM10","Thyroid","DEG"
"163","DAAM2","Thyroid","DEG"
"164","AFAP1L2","Thyroid","DEG"
"165","DDIT4L","Thyroid","DEG"
"166","FAM107A","Thyroid","DEG"
"167","ACRBP","Thyroid","DEG"
"168","CEL","Thyroid","DEG"
"169","PTCH2","Thyroid","DEG"
"170","ATG9B","Thyroid","DEG"
"171","TENM3","Thyroid","DEG"
"172","SERPINA3","Thyroid","DEG"
"173","NQO1","Thyroid","DEG"
"174","MPZ","Thyroid","DEG"
"175","MZT2B","Thyroid","DEG"
"176","FRZB","Thyroid","DEG"
"177","P2RX7","Thyroid","DEG"
"178","DPYD","Thyroid","DEG"
"179","ADGRL2","Thyroid","DEG"
"180","ADAM11","Thyroid","DEG"
"181","OLFM3","Thyroid","DEG"
"182","RABAC1","Thyroid","DEG"
"183","GPX3","Thyroid","DEG"
"184","GRB14","Thyroid","DEG"
"185","CPED1","Thyroid","DEG"
"186","CTSK","Thyroid","DEG"
"187","PHGDH","Thyroid","DEG"
"188","BCO1","Thyroid","DEG"
"189","SMOC2","Thyroid","DEG"
"190","COLGALT2","Thyroid","DEG"
"191","NCL","Thyroid","DEG"
"192","COL6A3","Thyroid","DEG"
"193","COL1A1","Thyroid","DEG"
"194","P2RY14","Thyroid","DEG"
"195","TFPI","Thyroid","DEG"
"196","PRELID2","Thyroid","DEG"
"197","KIRREL3","Thyroid","DEG"
"198","SLC9A4","Thyroid","DEG"
"199","DCN","Thyroid","DEG"
"200","HAP1","Thyroid","DEG"
"201","CRYAB","Thyroid","DEG"
"202","RGS10","Thyroid","DEG"
"203","CCDC85B","Thyroid","DEG"
"204","CD74","Thyroid","DEG"
"205","ADAM12","Thyroid","DEG"
"206","MRPL12","Thyroid","DEG"
"207","SPHKAP","Thyroid","DEG"
"208","SLC16A6","Thyroid","DEG"
"209","A1BG","Thyroid","DEG"
"210","DNAJA4","Thyroid","DEG"
"211","CRISPLD2","Thyroid","DEG"
"212","CCDC136","Thyroid","DEG"
"213","DES","Thyroid","DEG"
"214","HES6","Thyroid","DEG"
"215","KCNJ2","Thyroid","DEG"
"216","COL3A1","Thyroid","DEG"
"217","MYO7A","Thyroid","DEG"
"218","TGFB2","Thyroid","DEG"
"219","CPLX2","Thyroid","DEG"
"220","GPR182","Thyroid","DEG"
"221","LUM","Thyroid","DEG"
"222","DRD2","Thyroid","DEG"
"223","EDNRA","Thyroid","DEG"
"224","MAP3K5","Thyroid","DEG"
"225","SLCO1C1","Thyroid","DEG"
"226","APOE","Thyroid","DEG"
"227","SEMA3E","Thyroid","DEG"
"228","FOXO3","Estrogen","PsychencodeTF"
"229","RFX5","Estrogen","PsychencodeTF"
"230","ESRRA","Estrogen","PsychencodeTF"
"231","NR5A2","Estrogen","PsychencodeTF&DEG"
"232","CEBPB","Estrogen","PsychencodeTF&DEG"
"233","STAT2","Estrogen","PsychencodeTF"
"234","ARNT2","Estrogen","PsychencodeTF"
"235","GRHL1","Estrogen","PsychencodeTF"
"236","TFDP1","Estrogen","PsychencodeTF"
"237","POU4F2","Estrogen","PsychencodeTF&DEG"
"238","AR","Estrogen","PsychencodeTF"
"239","JUND","Estrogen","PsychencodeTF"
"240","HSF1","Estrogen","PsychencodeTF"
"241","SREBF1","Estrogen","PsychencodeTF"
"242","KLF3","Estrogen","PsychencodeTF"
"243","BCL11B","Estrogen","PsychencodeTF"
"244","ID1","Estrogen","PsychencodeTF&DEG"
"245","SNAI2","Estrogen","PsychencodeTF&DEG"
"246","NR1D2","Estrogen","PsychencodeTF"
"247","NFE2L1","Estrogen","PsychencodeTF"
"248","SOX9","Estrogen","PsychencodeTF"
"249","ATF5","Estrogen","PsychencodeTF"
"250","CEBPZ","Estrogen","PsychencodeTF"
"251","FOXM1","Estrogen","PsychencodeTF"
"252","CREB3","Estrogen","PsychencodeTF"
"253","HEY1","Estrogen","PsychencodeTF"
"254","PPARA","Estrogen","PsychencodeTF"
"255","MLX","Estrogen","PsychencodeTF"
"256","E2F8","Estrogen","PsychencodeTF"
"257","E2F1","Estrogen","PsychencodeTF"
"258","EGR3","Estrogen","PsychencodeTF&DEG"
"259","STAT5B","Estrogen","PsychencodeTF"
"260","SOX4","Estrogen","PsychencodeTF"
"261","ARID5B","Estrogen","PsychencodeTF"
"262","ARNTL","Estrogen","PsychencodeTF"
"263","NFE2L2","Estrogen","PsychencodeTF"
"264","SREBF2","Estrogen","PsychencodeTF"
"265","NRP1","Estrogen","DEG"
"266","CD74","Estrogen","DEG"
"267","CPT1A","Estrogen","DEG"
"268","RPS21","Estrogen","DEG"
"269","GAS5","Estrogen","DEG"
"270","COX7B","Estrogen","DEG"
"271","RPS29","Estrogen","DEG"
"272","NPNT","Estrogen","DEG"
"273","HIST1H3A","Estrogen","DEG"
"274","LPL","Estrogen","DEG"
"275","FBLN5","Estrogen","DEG"
"276","TMEM186","Estrogen","DEG"
"277","SERPINF1","Estrogen","DEG"
"278","ABCG1","Estrogen","DEG"
"279","LOX","Estrogen","DEG"
"280","A1BG","Estrogen","DEG"
"281","PCP4","Estrogen","DEG"
"282","H19","Estrogen","DEG"
"283","FXYD7","Estrogen","DEG"
"284","CD38","Estrogen","DEG"
"285","MFAP2","Estrogen","DEG"
"286","THSD4","Estrogen","DEG"
"287","EIF5B","Estrogen","DEG"
"288","CIITA","Estrogen","DEG"
"289","NCL","Estrogen","DEG"
"290","BMP2","Estrogen","DEG"
"291","UPF3B","Estrogen","DEG"
"292","DHRS3","Estrogen","DEG"
"293","SERPINA3","Estrogen","DEG"
"294","EFEMP1","Estrogen","DEG"
"295","RAB20","Estrogen","DEG"
"296","APOE","Estrogen","DEG"
"297","SKAP2","Estrogen","DEG"
"298","CAPG","Estrogen","DEG"
"299","SMOC2","Estrogen","DEG"
"300","AFAP1L2","Estrogen","DEG"
"301","REEP6","Estrogen","DEG"
"302","PPARGC1A","Estrogen","DEG"
"303","RAB13","Estrogen","DEG"
"304","SPON2","Estrogen","DEG"
"305","CALB2","Estrogen","DEG"
"306","NRBP2","Estrogen","DEG"
"307","COL16A1","Estrogen","DEG"
"308","ANGPTL4","Estrogen","DEG"
"309","GLYCTK","Estrogen","DEG"
"310","ADAM11","Estrogen","DEG"
"311","PHGDH","Estrogen","DEG"
"312","COL12A1","Estrogen","DEG"
"313","PCDH9","Estrogen","DEG"
"314","H1FX","Estrogen","DEG"
"315","SLC16A6","Estrogen","DEG"
"316","POSTN","Estrogen","DEG"
"317","COL6A3","Estrogen","DEG"
"318","KRT18","Estrogen","DEG"
"319","SERPINB9","Estrogen","DEG"
"320","PTGES","Estrogen","DEG"
"321","GPNMB","Estrogen","DEG"
"322","SPARCL1","Estrogen","DEG"
"323","CTSK","Estrogen","DEG"
"324","SLC35F2","Estrogen","DEG"
"325","EFNB3","Estrogen","DEG"
"326","COL1A1","Estrogen","DEG"
"327","TH","Estrogen","DEG"
"328","KRT8","Estrogen","DEG"
"329","PODXL","Estrogen","DEG"
"330","TRIL","Estrogen","DEG"
"331","PROM2","Estrogen","DEG"
"332","PDZD7","Estrogen","DEG"
"333","HRC","Estrogen","DEG"
"334","TGFB2","Estrogen","DEG"
"335","HSPB1","Estrogen","DEG"
"336","CYP3A5","Estrogen","DEG"
"337","SAT1","Estrogen","DEG"
"338","SLC6A1","Estrogen","DEG"
"339","MAP3K5","Estrogen","DEG"
"340","CRYAB","Estrogen","DEG"
"341","NEIL1","Estrogen","DEG"
"342","CEL","Estrogen","DEG"
"343","COL5A2","Estrogen","DEG"
"344","H1F0","Estrogen","DEG"
"345","DPYD","Estrogen","DEG"
"346","SLC8A1","Estrogen","DEG"
"347","EBLN2","Estrogen","DEG"
"348","ID3","Estrogen","DEG"
"349","DCN","Estrogen","DEG"
"350","ADGRL2","Estrogen","DEG"
"351","KDM6B","Estrogen","DEG"
"352","COL18A1","Estrogen","DEG"
"353","HES6","Estrogen","DEG"
"354","S1PR3","Estrogen","DEG"
"355","NQO1","Estrogen","DEG"
"356","VIPR2","Estrogen","DEG"
"357","RABAC1","Estrogen","DEG"
"358","H2AFX","Estrogen","DEG"
"359","CCDC85B","Estrogen","DEG"
"360","METRN","Estrogen","DEG"
"361","PKMYT1","Estrogen","DEG"
"362","RIBC2","Estrogen","DEG"
"363","RBPMS","Estrogen","DEG"
"364","EFNA5","Estrogen","DEG"
"365","ABLIM3","Estrogen","DEG"
"366","CALB1","Estrogen","DEG"
"367","MGP","Estrogen","DEG"
"368","PLCXD3","Estrogen","DEG"
"369","BEAN1","Estrogen","DEG"
"370","SMIM5","Estrogen","DEG"
"371","FHDC1","Estrogen","DEG"
"372","MYRF","Estrogen","DEG"
"373","CCDC86","Estrogen","DEG"
"374","P2RX7","Estrogen","DEG"
"375","STAG3L1","Estrogen","DEG"
"376","NDUFS7","Estrogen","DEG"
"377","DNAJA4","Estrogen","DEG"
"378","ABCC9","Estrogen","DEG"
"379","GK3P","Estrogen","DEG"
"380","ARPP21","Estrogen","DEG"
"381","TM4SF1","Estrogen","DEG"
"382","SH3TC2","Estrogen","DEG"
"383","TFPI","Estrogen","DEG"
"384","SALL4","Estrogen","DEG"
"385","NKD2","Estrogen","DEG"
"386","ISL1","Estrogen","DEG"
"387","DKK1","Estrogen","DEG"
"388","FAM83B","Estrogen","DEG"
"389","SEMA3A","Estrogen","DEG"
"390","TLE2","Estrogen","DEG"
"391","CSAD","Estrogen","DEG"
"392","RUNX1","Estrogen","DEG"
"393","ANKRD37","Estrogen","DEG"
"394","LSM10","Estrogen","DEG"
"395","TACC3","Estrogen","DEG"
"396","PTHLH","Estrogen","DEG"
"397","LGALS1","Estrogen","DEG"
"398","IFIT2","Estrogen","DEG"
"399","CXCL12","Estrogen","DEG"
"400","IGDCC3","Estrogen","DEG"
"401","EPHA7","Estrogen","DEG"
"402","BMPER","Estrogen","DEG"
"403","SIDT1","Estrogen","DEG"
"404","DHRS2","Estrogen","DEG"
"405","TPGS1","Estrogen","DEG"
"406","RGS10","Estrogen","DEG"
"407","DMRT3","Estrogen","DEG"
"408","CRISPLD2","Estrogen","DEG"
"409","TYMS","Estrogen","DEG"
"410","SCIN","Estrogen","DEG"
"411","TRAPPC5","Estrogen","DEG"
"412","RPLP1","Estrogen","DEG"
"413","SGK2","Estrogen","DEG"
"414","EGF","Estrogen","DEG"
"415","GRHL3","Estrogen","DEG"
"416","RERG","Estrogen","DEG"
"417","GRB14","Estrogen","DEG"
"418","FOXO3","Corticoid","PsychencodeTF"
"419","CEBPB","Corticoid","PsychencodeTF&DEG"
"420","RELA","Corticoid","PsychencodeTF"
"421","GRHL1","Corticoid","PsychencodeTF"
"422","TFDP1","Corticoid","PsychencodeTF"
"423","KLF9","Corticoid","PsychencodeTF"
"424","JUND","Corticoid","PsychencodeTF"
"425","NR3C2","Corticoid","PsychencodeTF"
"426","SREBF1","Corticoid","PsychencodeTF"
"427","MEF2C","Corticoid","PsychencodeTF"
"428","ID1","Corticoid","PsychencodeTF&DEG"
"429","NR1D2","Corticoid","PsychencodeTF"
"430","NFE2L1","Corticoid","PsychencodeTF"
"431","SOX9","Corticoid","PsychencodeTF"
"432","ATF5","Corticoid","PsychencodeTF"
"433","OTX2","Corticoid","PsychencodeTF&DEG"
"434","FOXM1","Corticoid","PsychencodeTF"
"435","E2F8","Corticoid","PsychencodeTF"
"436","EGR3","Corticoid","PsychencodeTF&DEG"
"437","STAT5B","Corticoid","PsychencodeTF"
"438","SOX4","Corticoid","PsychencodeTF"
"439","ARID5B","Corticoid","PsychencodeTF"
"440","ARNTL","Corticoid","PsychencodeTF"
"441","NFE2L2","Corticoid","PsychencodeTF"
"442","CEBPD","Corticoid","PsychencodeTF"
"443","NRP1","Corticoid","DEG"
"444","RPL27","Corticoid","DEG"
"445","LPL","Corticoid","DEG"
"446","SERPINF1","Corticoid","DEG"
"447","ABCG1","Corticoid","DEG"
"448","LOX","Corticoid","DEG"
"449","ICAM1","Corticoid","DEG"
"450","TPRKB","Corticoid","DEG"
"451","NCL","Corticoid","DEG"
"452","BMP2","Corticoid","DEG"
"453","DHRS3","Corticoid","DEG"
"454","CAPG","Corticoid","DEG"
"455","RAB13","Corticoid","DEG"
"456","NEFL","Corticoid","DEG"
"457","NRBP2","Corticoid","DEG"
"458","ANGPTL4","Corticoid","DEG"
"459","SLC16A6","Corticoid","DEG"
"460","KRT18","Corticoid","DEG"
"461","PRPH","Corticoid","DEG"
"462","COL1A1","Corticoid","DEG"
"463","TH","Corticoid","DEG"
"464","KRT8","Corticoid","DEG"
"465","HSPB1","Corticoid","DEG"
"466","SAT1","Corticoid","DEG"
"467","MAP3K5","Corticoid","DEG"
"468","CRYAB","Corticoid","DEG"
"469","H1F0","Corticoid","DEG"
"470","PAPPA","Corticoid","DEG"
"471","ID3","Corticoid","DEG"
"472","ADGRL2","Corticoid","DEG"
"473","COL18A1","Corticoid","DEG"
"474","TTYH3","Corticoid","DEG"
"475","HES6","Corticoid","DEG"
"476","S1PR3","Corticoid","DEG"
"477","PLIN4","Corticoid","DEG"
"478","RABAC1","Corticoid","DEG"
"479","H2AFX","Corticoid","DEG"
"480","FAM107A","Corticoid","DEG"
"481","BRD3","Corticoid","DEG"
"482","FHDC1","Corticoid","DEG"
"483","CCDC86","Corticoid","DEG"
"484","TM4SF1","Corticoid","DEG"
"485","ISL1","Corticoid","DEG"
"486","CSAD","Corticoid","DEG"
"487","LSM10","Corticoid","DEG"
"488","TACC3","Corticoid","DEG"
"489","RGS10","Corticoid","DEG"
"490","CRISPLD2","Corticoid","DEG"
"491","TYMS","Corticoid","DEG"
"492","GRB14","Corticoid","DEG"
"493","ENG","Corticoid","DEG"
"494","CEBPB","Androgen","PsychencodeTF&DEG"
"495","RELA","Androgen","PsychencodeTF"
"496","KLF9","Androgen","PsychencodeTF"
"497","AR","Androgen","PsychencodeTF"
"498","ZBTB7A","Androgen","PsychencodeTF"
"499","FOXP2","Androgen","PsychencodeTF&DEG"
"500","HMBOX1","Androgen","PsychencodeTF"
"501","ID1","Androgen","PsychencodeTF&DEG"
"502","NFE2L1","Androgen","PsychencodeTF"
"503","SOX9","Androgen","PsychencodeTF"
"504","PATZ1","Androgen","PsychencodeTF"
"505","FOXM1","Androgen","PsychencodeTF"
"506","MAFG","Androgen","PsychencodeTF"
"507","ELK4","Androgen","PsychencodeTF"
"508","HEY1","Androgen","PsychencodeTF"
"509","MLX","Androgen","PsychencodeTF"
"510","E2F8","Androgen","PsychencodeTF"
"511","ARID5B","Androgen","PsychencodeTF"
"512","ARNTL","Androgen","PsychencodeTF"
"513","NFE2L2","Androgen","PsychencodeTF"
"514","FOXP1","Androgen","PsychencodeTF"
"515","NRP1","Androgen","DEG"
"516","IMMP1L","Androgen","DEG"
"517","ABCG1","Androgen","DEG"
"518","EIF5B","Androgen","DEG"
"519","UPF3B","Androgen","DEG"
"520","DHRS3","Androgen","DEG"
"521","RAB20","Androgen","DEG"
"522","CAPG","Androgen","DEG"
"523","SMOC2","Androgen","DEG"
"524","KCNJ2","Androgen","DEG"
"525","PPARGC1A","Androgen","DEG"
"526","NRBP2","Androgen","DEG"
"527","TMEFF2","Androgen","DEG"
"528","WSB1","Androgen","DEG"
"529","ADAM21","Androgen","DEG"
"530","CTSK","Androgen","DEG"
"531","EFNB3","Androgen","DEG"
"532","LUM","Androgen","DEG"
"533","KRT8","Androgen","DEG"
"534","HSPB1","Androgen","DEG"
"535","SAT1","Androgen","DEG"
"536","CRYAB","Androgen","DEG"
"537","LGALS3","Androgen","DEG"
"538","C4orf19","Androgen","DEG"
"539","DDIT4L","Androgen","DEG"
"540","TAC3","Androgen","DEG"
"541","BNC2","Androgen","DEG"
"542","HES6","Androgen","DEG"
"543","PLIN4","Androgen","DEG"
"544","H2AFX","Androgen","DEG"
"545","PLXND1","Androgen","DEG"
"546","RIBC2","Androgen","DEG"
"547","ABLIM3","Androgen","DEG"
"548","MGP","Androgen","DEG"
"549","ADAM20","Androgen","DEG"
"550","FAM107A","Androgen","DEG"
"551","FHDC1","Androgen","DEG"
"552","CCDC86","Androgen","DEG"
"553","DKKL1","Androgen","DEG"
"554","TSNAXIP1","Androgen","DEG"
"555","INE1","Androgen","DEG"
"556","FBLN1","Androgen","DEG"
"557","ANKRD37","Androgen","DEG"
"558","AKR1C2","Androgen","DEG"
"559","LSM10","Androgen","DEG"
"560","TACC3","Androgen","DEG"
"561","THBS1","Androgen","DEG"
"562","LGALS1","Androgen","DEG"
"563","IFIT2","Androgen","DEG"
"564","RGS10","Androgen","DEG"
"565","DMRT3","Androgen","DEG"
"566","ACTN2","Androgen","DEG"
"567","CRISPLD2","Androgen","DEG"
"568","NEAT1","Androgen","DEG"
"569","SCIN","Androgen","DEG"
"570","ZNF219","PPAR","PsychencodeTF"
"571","RFX5","PPAR","PsychencodeTF"
"572","ESRRA","PPAR","PsychencodeTF"
"573","CEBPB","PPAR","PsychencodeTF&DEG"
"574","RELA","PPAR","PsychencodeTF"
"575","EBF1","PPAR","PsychencodeTF&DEG"
"576","ARNT2","PPAR","PsychencodeTF"
"577","GRHL1","PPAR","PsychencodeTF"
"578","TFDP1","PPAR","PsychencodeTF"
"579","SNAI1","PPAR","PsychencodeTF&DEG"
"580","SREBF1","PPAR","PsychencodeTF"
"581","KLF3","PPAR","PsychencodeTF"
"582","MEF2C","PPAR","PsychencodeTF"
"583","ID1","PPAR","PsychencodeTF&DEG"
"584","SNAI2","PPAR","PsychencodeTF&DEG"
"585","TP73","PPAR","PsychencodeTF"
"586","NFE2L1","PPAR","PsychencodeTF"
"587","ATF5","PPAR","PsychencodeTF"
"588","CREB3","PPAR","PsychencodeTF"
"589","PPARA","PPAR","PsychencodeTF"
"590","E2F8","PPAR","PsychencodeTF"
"591","E2F1","PPAR","PsychencodeTF"
"592","STAT5B","PPAR","PsychencodeTF"
"593","SOX4","PPAR","PsychencodeTF"
"594","ARID5B","PPAR","PsychencodeTF"
"595","ARNTL","PPAR","PsychencodeTF"
"596","CENPB","PPAR","PsychencodeTF"
"597","NFE2L2","PPAR","PsychencodeTF"
"598","BCL6","PPAR","PsychencodeTF"
"599","SREBF2","PPAR","PsychencodeTF"
"600","ZBTB7B","PPAR","PsychencodeTF"
"601","FOXP1","PPAR","PsychencodeTF"
"602","CD74","PPAR","DEG"
"603","CPT1A","PPAR","DEG"
"604","SNRPG","PPAR","DEG"
"605","COX7B","PPAR","DEG"
"606","LPL","PPAR","DEG"
"607","CLEC18B","PPAR","DEG"
"608","LGI4","PPAR","DEG"
"609","ABCG1","PPAR","DEG"
"610","LOX","PPAR","DEG"
"611","MTTP","PPAR","DEG"
"612","ITGA1","PPAR","DEG"
"613","LGALS12","PPAR","DEG"
"614","ALS2CL","PPAR","DEG"
"615","H19","PPAR","DEG"
"616","MFAP2","PPAR","DEG"
"617","UPF3B","PPAR","DEG"
"618","DHRS3","PPAR","DEG"
"619","PRELID2","PPAR","DEG"
"620","RAB20","PPAR","DEG"
"621","APOE","PPAR","DEG"
"622","SKAP2","PPAR","DEG"
"623","AFAP1L2","PPAR","DEG"
"624","BGN","PPAR","DEG"
"625","REEP6","PPAR","DEG"
"626","KCNJ2","PPAR","DEG"
"627","PPARGC1A","PPAR","DEG"
"628","RAB13","PPAR","DEG"
"629","SPON2","PPAR","DEG"
"630","NRBP2","PPAR","DEG"
"631","ANGPTL4","PPAR","DEG"
"632","GLYCTK","PPAR","DEG"
"633","ADAM11","PPAR","DEG"
"634","GOLGA8B","PPAR","DEG"
"635","FSD2","PPAR","DEG"
"636","GOLGA8A","PPAR","DEG"
"637","SLC16A6","PPAR","DEG"
"638","POSTN","PPAR","DEG"
"639","SERPINB9","PPAR","DEG"
"640","TVP23C","PPAR","DEG"
"641","PTGES","PPAR","DEG"
"642","GPNMB","PPAR","DEG"
"643","SPARCL1","PPAR","DEG"
"644","CTSK","PPAR","DEG"
"645","COL1A1","PPAR","DEG"
"646","LUM","PPAR","DEG"
"647","EMILIN1","PPAR","DEG"
"648","ST8SIA3","PPAR","DEG"
"649","KRT8","PPAR","DEG"
"650","PLCE1","PPAR","DEG"
"651","NEGR1","PPAR","DEG"
"652","STMN2","PPAR","DEG"
"653","HSPB1","PPAR","DEG"
"654","CRYAB","PPAR","DEG"
"655","LGALS3","PPAR","DEG"
"656","TRIM22","PPAR","DEG"
"657","ACAN","PPAR","DEG"
"658","H1F0","PPAR","DEG"
"659","SLC5A7","PPAR","DEG"
"660","ID3","PPAR","DEG"
"661","DCN","PPAR","DEG"
"662","TENM1","PPAR","DEG"
"663","KDM6B","PPAR","DEG"
"664","COL18A1","PPAR","DEG"
"665","HES6","PPAR","DEG"
"666","KCNJ6","PPAR","DEG"
"667","WNT1","PPAR","DEG"
"668","PLIN4","PPAR","DEG"
"669","NQO1","PPAR","DEG"
"670","FABP3","PPAR","DEG"
"671","RABAC1","PPAR","DEG"
"672","OLFM3","PPAR","DEG"
"673","CCDC85B","PPAR","DEG"
"674","PKMYT1","PPAR","DEG"
"675","EFNA5","PPAR","DEG"
"676","MGP","PPAR","DEG"
"677","SH3GL2","PPAR","DEG"
"678","RAB26","PPAR","DEG"
"679","OGN","PPAR","DEG"
"680","VGF","PPAR","DEG"
"681","XDH","PPAR","DEG"
"682","BRD3","PPAR","DEG"
"683","FHDC1","PPAR","DEG"
"684","MYRF","PPAR","DEG"
"685","GPR182","PPAR","DEG"
"686","MUSTN1","PPAR","DEG"
"687","DNAJA4","PPAR","DEG"
"688","RHOF","PPAR","DEG"
"689","CCDC124","PPAR","DEG"
"690","CHST9","PPAR","DEG"
"691","MGAT4C","PPAR","DEG"
"692","HS3ST3A1","PPAR","DEG"
"693","SEMA3A","PPAR","DEG"
"694","HS3ST2","PPAR","DEG"
"695","CSAD","PPAR","DEG"
"696","KLB","PPAR","DEG"
"697","LSM10","PPAR","DEG"
"698","GOLGA7B","PPAR","DEG"
"699","PTHLH","PPAR","DEG"
"700","FABP7","PPAR","DEG"
"701","LGALS1","PPAR","DEG"
"702","CXCL12","PPAR","DEG"
"703","CCDC170","PPAR","DEG"
"704","RGS10","PPAR","DEG"
"705","GAD2","PPAR","DEG"
"706","CRISPLD2","PPAR","DEG"
"707","TYMS","PPAR","DEG"
"708","ATG9B","PPAR","DEG"
"709","TRAPPC5","PPAR","DEG"
"710","SOD3","PPAR","DEG"
"711","GRB14","PPAR","DEG"
"712","FOXO3","Progesterone","PsychencodeTF"
"713","CEBPB","Progesterone","PsychencodeTF&DEG"
"714","RELA","Progesterone","PsychencodeTF"
"715","SOX10","Progesterone","PsychencodeTF&DEG"
"716","EBF1","Progesterone","PsychencodeTF&DEG"
"717","ARNT2","Progesterone","PsychencodeTF"
"718","KLF9","Progesterone","PsychencodeTF"
"719","SNAI1","Progesterone","PsychencodeTF&DEG"
"720","AR","Progesterone","PsychencodeTF"
"721","SREBF1","Progesterone","PsychencodeTF"
"722","ID1","Progesterone","PsychencodeTF&DEG"
"723","NR1D2","Progesterone","PsychencodeTF"
"724","FOXM1","Progesterone","PsychencodeTF"
"725","HEY1","Progesterone","PsychencodeTF"
"726","MLX","Progesterone","PsychencodeTF"
"727","STAT5B","Progesterone","PsychencodeTF"
"728","ARNTL","Progesterone","PsychencodeTF"
"729","CENPB","Progesterone","PsychencodeTF"
"730","BCL6","Progesterone","PsychencodeTF"
"731","CEBPD","Progesterone","PsychencodeTF"
"732","FOXP1","Progesterone","PsychencodeTF"
"733","BCAT1","Progesterone","DEG"
"734","NRP1","Progesterone","DEG"
"735","GPX3","Progesterone","DEG"
"736","SNRPG","Progesterone","DEG"
"737","COX7B","Progesterone","DEG"
"738","ABCB1","Progesterone","DEG"
"739","NPNT","Progesterone","DEG"
"740","IMMP1L","Progesterone","DEG"
"741","LPL","Progesterone","DEG"
"742","ABCG1","Progesterone","DEG"
"743","LOX","Progesterone","DEG"
"744","COL8A2","Progesterone","DEG"
"745","PCP4","Progesterone","DEG"
"746","CD38","Progesterone","DEG"
"747","MFAP2","Progesterone","DEG"
"748","APOE","Progesterone","DEG"
"749","CAPG","Progesterone","DEG"
"750","SMOC2","Progesterone","DEG"
"751","BGN","Progesterone","DEG"
"752","REEP6","Progesterone","DEG"
"753","PPARGC1A","Progesterone","DEG"
"754","SPON2","Progesterone","DEG"
"755","NRBP2","Progesterone","DEG"
"756","COL16A1","Progesterone","DEG"
"757","COL3A1","Progesterone","DEG"
"758","COL1A2","Progesterone","DEG"
"759","H1FX","Progesterone","DEG"
"760","SLC16A6","Progesterone","DEG"
"761","POSTN","Progesterone","DEG"
"762","COL6A3","Progesterone","DEG"
"763","KRT18","Progesterone","DEG"
"764","COL1A1","Progesterone","DEG"
"765","LUM","Progesterone","DEG"
"766","PROM2","Progesterone","DEG"
"767","TGFB2","Progesterone","DEG"
"768","HSPB1","Progesterone","DEG"
"769","SAT1","Progesterone","DEG"
"770","LGALS3","Progesterone","DEG"
"771","COL5A2","Progesterone","DEG"
"772","DNM3OS","Progesterone","DEG"
"773","COL14A1","Progesterone","DEG"
"774","ID3","Progesterone","DEG"
"775","FST","Progesterone","DEG"
"776","COL18A1","Progesterone","DEG"
"777","PLIN4","Progesterone","DEG"
"778","RABAC1","Progesterone","DEG"
"779","SEMA3E","Progesterone","DEG"
"780","CALB1","Progesterone","DEG"
"781","MGP","Progesterone","DEG"
"782","XDH","Progesterone","DEG"
"783","FHDC1","Progesterone","DEG"
"784","MYRF","Progesterone","DEG"
"785","CCDC86","Progesterone","DEG"
"786","MRPL12","Progesterone","DEG"
"787","DKKL1","Progesterone","DEG"
"788","TM4SF1","Progesterone","DEG"
"789","TFPI","Progesterone","DEG"
"790","C4orf48","Progesterone","DEG"
"791","CNN1","Progesterone","DEG"
"792","CENPA","Progesterone","DEG"
"793","AKR1C2","Progesterone","DEG"
"794","LSM10","Progesterone","DEG"
"795","DES","Progesterone","DEG"
"796","PTHLH","Progesterone","DEG"
"797","THBS1","Progesterone","DEG"
"798","LGALS1","Progesterone","DEG"
"799","IFIT2","Progesterone","DEG"
"800","NEAT1","Progesterone","DEG"
"801","TYMS","Progesterone","DEG"
"802","GRB14","Progesterone","DEG"
"803","RFX5","Retinoic","PsychencodeTF"
"804","NR2C1","Retinoic","PsychencodeTF"
"805","CEBPB","Retinoic","PsychencodeTF&DEG"
"806","TFDP1","Retinoic","PsychencodeTF"
"807","SREBF1","Retinoic","PsychencodeTF"
"808","ID1","Retinoic","PsychencodeTF&DEG"
"809","NFE2L1","Retinoic","PsychencodeTF"
"810","SOX9","Retinoic","PsychencodeTF"
"811","KLF16","Retinoic","PsychencodeTF"
"812","ATF5","Retinoic","PsychencodeTF"
"813","MLX","Retinoic","PsychencodeTF"
"814","E2F8","Retinoic","PsychencodeTF"
"815","SOX4","Retinoic","PsychencodeTF"
"816","SREBF2","Retinoic","PsychencodeTF"
"817","CEBPD","Retinoic","PsychencodeTF"
"818","FOXP1","Retinoic","PsychencodeTF"
"819","NRP1","Retinoic","DEG"
"820","GPX3","Retinoic","DEG"
"821","CD74","Retinoic","DEG"
"822","CPT1A","Retinoic","DEG"
"823","RPS21","Retinoic","DEG"
"824","TMSB15A","Retinoic","DEG"
"825","LPL","Retinoic","DEG"
"826","SERPINF1","Retinoic","DEG"
"827","H19","Retinoic","DEG"
"828","CD38","Retinoic","DEG"
"829","DHRS3","Retinoic","DEG"
"830","RARB","Retinoic","DEG"
"831","PRELID2","Retinoic","DEG"
"832","APOE","Retinoic","DEG"
"833","SKAP2","Retinoic","DEG"
"834","NRBP2","Retinoic","DEG"
"835","COL16A1","Retinoic","DEG"
"836","SLC16A6","Retinoic","DEG"
"837","PTGES","Retinoic","DEG"
"838","COL1A1","Retinoic","DEG"
"839","PODXL","Retinoic","DEG"
"840","CYP3A5","Retinoic","DEG"
"841","SAT1","Retinoic","DEG"
"842","MAP3K5","Retinoic","DEG"
"843","COL9A2","Retinoic","DEG"
"844","H1F0","Retinoic","DEG"
"845","ID3","Retinoic","DEG"
"846","ADGRL2","Retinoic","DEG"
"847","WNT10B","Retinoic","DEG"
"848","COL18A1","Retinoic","DEG"
"849","PLIN4","Retinoic","DEG"
"850","NQO1","Retinoic","DEG"
"851","METRN","Retinoic","DEG"
"852","MGP","Retinoic","DEG"
"853","MYRF","Retinoic","DEG"
"854","DKKL1","Retinoic","DEG"
"855","SH3TC2","Retinoic","DEG"
"856","TFPI","Retinoic","DEG"
"857","NKD2","Retinoic","DEG"
"858","DKK1","Retinoic","DEG"
"859","HS3ST3A1","Retinoic","DEG"
"860","TLE2","Retinoic","DEG"
"861","IGSF21","Retinoic","DEG"
"862","LGALS1","Retinoic","DEG"
"863","BMPER","Retinoic","DEG"
"864","DHRS2","Retinoic","DEG"
"865","RGS10","Retinoic","DEG"
"866","RMI2","Retinoic","DEG"
"867","BRINP3","Retinoic","DEG"
"868","GRHL3","Retinoic","DEG"
